[{"P:\\Users\\Fergson.H\\note\\package.json": "ASCII"}, {"P:\\Users\\Fergson.H\\note\\content\\book.json": "UTF-8"}, {"P:\\Users\\Fergson.H\\note\\content\\SUMMARY.md": "UTF-8"}, {"P:\\Users\\Fergson.H\\note\\content\\styles\\website.css": "ASCII"}, {"P:\\Users\\Fergson.H\\note\\js\\pack.js": "ASCII"}, {"P:\\Users\\Fergson.H\\note\\js\\pack.bak.js": "ASCII"}, {"P:\\Users\\Fergson.H\\note\\js\\imgurl.js": "ASCII"}, {"P:\\Users\\Fergson.H\\app\\Git\\etc\\profile": "ASCII"}, {"P:\\Users\\Fergson.H\\app\\Git\\etc\\inputrc": "ASCII"}, {"P:\\Users\\Fergson.H\\app\\Git\\mingw64\\etc\\gitconfig": "ASCII"}, {"P:\\Users\\Fergson.H\\note\\php\\pack.php": "ASCII"}, {"P:\\Users\\Fergson.H\\web\\react-redux\\src\\components\\Main.js": "ASCII"}, {"P:\\Users\\Fergson.H\\web\\react-redux\\src\\store\\index.js": "ASCII"}, {"P:\\Users\\Fergson.H\\note\\content\\README.md": "ASCII"}, {"P:\\Users\\Fergson.H\\note\\1.php": "ASCII"}, {"P:\\Users\\Fergson.H\\note\\php\\class\\File.php": "UTF-8"}, {"P:\\Users\\Fergson.H\\web\\react-redux\\src\\containers\\App.js": "ASCII"}, {"P:\\Users\\Fergson.H\\web\\react-redux\\src\\index.js": "ASCII"}, {"P:\\Users\\Fergson.H\\web\\react-redux\\src\\containers\\HomeContainer.js": "ASCII"}, {"P:\\Users\\Fergson.H\\web\\react-redux\\src\\containers\\PostContainer.js": "ASCII"}, {"\\\\wtl01\\External to Internal (\u5916\u4f20\u5185)\\Fergson.H\\iphone_k8_mobile_4.0.26.plist": "UTF-8"}, {"\\\\wtl01\\External to Internal (\u5916\u4f20\u5185)\\Fergson.H\\TestApp.plist": "UTF-8"}, {"P:\\Users\\Fergson.H\\note\\content\\npm\\install-npm-server.md": "ASCII"}, {"P:\\Users\\Fergson.H\\web\\note\\package.json": "ASCII"}, {"P:\\Users\\Fergson.H\\web\\gogogo\\\u65b0\u5efa\u6587\u672c\u6587\u6863.txt": "ASCII"}, {"P:\\Users\\Fergson.H\\note\\content\\php\\index.md": "ASCII"}, {"P:\\Users\\Fergson.H\\keep\\react\\34.sh": "ASCII"}, {"P:\\Users\\Fergson.H\\keep\\react\\done.sh": "ASCII"}, {"P:\\Users\\Fergson.H\\keep\\gulp-edit\\SUMMARY.md": "ASCII"}, {"P:\\Users\\Fergson.H\\AppData\\Roaming\\Sublime Text 3\\Packages\\User\\MarkdownPreview.sublime-settings": "ASCII"}, {"P:\\Users\\Fergson.H\\AppData\\Roaming\\Sublime Text 3\\Packages\\User\\MarkdownLivePreview.sublime-settings": "ASCII"}, {"P:\\Users\\Fergson.H\\AppData\\Roaming\\Sublime Text 3\\Packages\\User\\Markdown (Standard).sublime-settings": "ASCII"}, {"P:\\Users\\Fergson.H\\AppData\\Roaming\\Sublime Text 3\\Packages\\User\\Markdown.sublime-settings": "ASCII"}, {"P:\\Users\\Fergson.H\\keep\\glup-test\\index.html": "ASCII"}, {"P:\\Users\\Fergson.H\\keep\\gulp-edit\\README.md": "ASCII"}, {"P:\\Users\\Fergson.H\\AppData\\Roaming\\Sublime Text 3\\Packages\\User\\Package Control.sublime-settings": "ASCII"}, {"P:\\Users\\Fergson.H\\keep\\glup-test\\gulpfile.js": "ASCII"}, {"P:\\Users\\Fergson.H\\app\\nginx14\\conf\\vhost\\package.conf": "ASCII"}, {"P:\\Users\\Fergson.H\\app\\nginx14\\conf\\vhost\\html.conf": "ASCII"}, {"P:\\Users\\Fergson.H\\web\\html\\index.html": "ASCII"}, {"P:\\Users\\Fergson.H\\web\\html\\gulpfile.js": "ASCII"}, {"P:\\Users\\Fergson.H\\keep\\react\\php.cn\\2.json": "ASCII"}, {"P:\\Users\\Fergson.H\\keep\\react\\php.cn\\1.json": "ASCII"}, {"P:\\Users\\Fergson.H\\app\\ruby\\bin\\1.css": "ASCII"}, {"\\\\wtl01\\External to Internal (\u5916\u4f20\u5185)\\Fergson.H\\547d23be000113ff00000000\\\u6587\u4ef6\u4e0a\u4f20\\download\\doDownload.php": "ASCII"}, {"P:\\Users\\Fergson.H\\web\\package\\vendor\\symfony\\console\\Output\\Output.php": "ASCII"}, {"P:\\Users\\Fergson.H\\app\\nginx14\\conf\\nginx.conf": "ASCII"}, {"P:\\Users\\Fergson.H\\app\\php\\php.ini": "ASCII"}, {"C:\\Windows\\System32\\drivers\\etc\\hosts": "ASCII"}, {"P:\\Users\\Fergson.H\\AppData\\Roaming\\Sublime Text 3\\Packages\\User\\Preferences.sublime-settings": "ASCII"}, {"P:\\Users\\Fergson.H\\keep\\haoqicat\\format.php": "ASCII"}, {"P:\\Users\\Fergson.H\\keep\\haoqicat\\1.php": "ASCII"}]